{"train/train_loss": 0.006496024683495111, "train/train_acc": 0.41745288339974007, "train/epoch": 0, "val/val_loss": 0.004295048711355776, "val/val_acc": 0.7588348090648651, "val/epoch": 0, "_timestamp": 1722996719.2809474, "_runtime": 19.610263347625732, "_step": 0, "_wandb": {"runtime": 19}}